{
  "name": "headroom.js",
  "main": [
    "dist/headroom.js",
    "dist/headroom.min.js",
    "dist/jQuery.headroom.js",
    "dist/jQuery.headroom.min.js",
    "dist/angular.headroom.js",
    "dist/angular.headroom.min.js"
  ],
  "ignore": [
    "**/.*",
    "node_modules",
    "components",
    "spec",
    "Gruntfile.js",
    "src",
    "bower_components",
    "test",
    "tests"
  ],
  "homepage": "http://wicky.nillia.ms/headroom.js/",
  "authors": [
    "WickyNilliams"
  ],
  "description": "Hide your header until you need it",
  "keywords": [
    "header",
    "js",
    "scroll"
  ],
  "license": "MIT",
  "version": "0.9.3",
  "_cacheHeaders": {
    "ETag": "W/\"21e9-159a978cc5e\"",
    "Content-Length": "8681",
    "Content-Type": "application/zip"
  },
  "_release": "e-tag:W/\"21e9-15",
  "_source": "https://unpkg.com/headroom.js/bower.zip",
  "_target": "*",
  "_originalSource": "https://unpkg.com/headroom.js/bower.zip",
  "_direct": true
}