{
  "name": "jquery-mask-plugin",
  "version": "1.14.0",
  "main": "dist/jquery.mask.js",
  "ignore": [
    "deploy.rb",
    "jquery.mask.json",
    "Gruntfile.js",
    "test/*",
    ".*"
  ],
  "homepage": "https://github.com/igorescobar/jQuery-Mask-Plugin",
  "_release": "1.14.0",
  "_resolution": {
    "type": "version",
    "tag": "v1.14.0",
    "commit": "75d53cf334e21b1aa11ea205c262d50dd280d95f"
  },
  "_source": "https://github.com/igorescobar/jQuery-Mask-Plugin.git",
  "_target": "^1.14.0",
  "_originalSource": "https://github.com/igorescobar/jQuery-Mask-Plugin.git",
  "_direct": true
}